rain_104390.mp3,rain
rain_104391.mp3,rain
rain_108509.mp3,rain
rain_11485.mp3,rain
rain_115254.mp3,rain
rain_120696.mp3,rain
rain_120742.mp3,rain
rain_121564.mp3,rain
rain_122086.mp3,rain
rain_123703.mp3,rain
rain_125951.mp3,rain
rain_125952.mp3,rain
rain_125954.mp3,rain
rain_127143.mp3,rain
rain_127144.mp3,rain
rain_127203.mp3,rain
rain_127204.mp3,rain
rain_127654.mp3,rain
rain_127796.mp3,rain
rain_128524.mp3,rain
rain_132852.mp3,rain
rain_141376.mp3,rain
rain_153457.mp3,rain
rain_155615.mp3,rain
rain_157480.mp3,rain
rain_157483.mp3,rain
rain_157486.mp3,rain
rain_157487.mp3,rain
rain_158689.mp3,rain
rain_158692.mp3,rain
rain_161705.mp3,rain
rain_161869.mp3,rain
rain_164092.mp3,rain
rain_165994.mp3,rain
rain_165997.mp3,rain
rain_165998.mp3,rain
rain_167854.mp3,rain
rain_169152.mp3,rain
rain_169153.mp3,rain
rain_169154.mp3,rain
rain_169156.mp3,rain
rain_169159.mp3,rain
rain_169210.mp3,rain
rain_169211.mp3,rain
rain_171979.mp3,rain
rain_171980.mp3,rain
rain_171982.mp3,rain
rain_171983.mp3,rain
rain_172595.mp3,rain
rain_172596.mp3,rain
rain_172597.mp3,rain
rain_174378.mp3,rain
rain_189872.mp3,rain
rain_189873.mp3,rain
rain_193331.mp3,rain
rain_193332.mp3,rain
rain_193335.mp3,rain
rain_193336.mp3,rain
rain_193337.mp3,rain
rain_193339.mp3,rain
rain_193340.mp3,rain
rain_193874.mp3,rain
rain_193875.mp3,rain
rain_193876.mp3,rain
rain_194471.mp3,rain
rain_195710.mp3,rain
rain_200270.mp3,rain
rain_200271.mp3,rain
rain_202088.mp3,rain
rain_202090.mp3,rain
rain_202898.mp3,rain
rain_205838.mp3,rain
rain_21091.mp3,rain
rain_21189.mp3,rain
rain_21190.mp3,rain
rain_217235.mp3,rain
rain_221059.mp3,rain
rain_22132.mp3,rain
rain_231685.mp3,rain
rain_232198.mp3,rain
rain_232199.mp3,rain
rain_232200.mp3,rain
rain_233433.mp3,rain
rain_233434.mp3,rain
rain_238731.mp3,rain
rain_238732.mp3,rain
rain_241291.mp3,rain
rain_241292.mp3,rain
rain_241293.mp3,rain
rain_242892.mp3,rain
rain_242893.mp3,rain
rain_242894.mp3,rain
rain_243626.mp3,rain
rain_243774.mp3,rain
rain_243776.mp3,rain
rain_243781.mp3,rain
rain_244361.mp3,rain
rain_244362.mp3,rain
rain_249944.mp3,rain
rain_249945.mp3,rain
rain_249948.mp3,rain
rain_251626.mp3,rain
rain_251628.mp3,rain
rain_251629.mp3,rain
rain_251630.mp3,rain
rain_251632.mp3,rain
rain_251633.mp3,rain
rain_251634.mp3,rain
rain_251635.mp3,rain
rain_252901.mp3,rain
rain_252902.mp3,rain
rain_252903.mp3,rain
rain_253080.mp3,rain
rain_255900.mp3,rain
rain_255901.mp3,rain
rain_264598.mp3,rain
rain_276907.mp3,rain
rain_276908.mp3,rain
rain_277749.mp3,rain
rain_28286.mp3,rain
rain_316889.mp3,rain
rain_316890.mp3,rain
rain_316894.mp3,rain
rain_316895.mp3,rain
rain_317367.mp3,rain
rain_31828.mp3,rain
rain_320520.mp3,rain
rain_321171.mp3,rain
rain_321172.mp3,rain
rain_321173.mp3,rain
rain_321174.mp3,rain
rain_321175.mp3,rain
rain_321176.mp3,rain
rain_321260.mp3,rain
rain_322963.mp3,rain
rain_322964.mp3,rain
rain_322965.mp3,rain
rain_322966.mp3,rain
rain_333509.mp3,rain
rain_333510.mp3,rain
rain_334147.mp3,rain
rain_334148.mp3,rain
rain_334149.mp3,rain
rain_337791.mp3,rain
rain_34065.mp3,rain
rain_34066.mp3,rain
rain_34068.mp3,rain
rain_34069.mp3,rain
rain_34070.mp3,rain
rain_34071.mp3,rain
rain_34072.mp3,rain
rain_34073.mp3,rain
rain_344461.mp3,rain
rain_344462.mp3,rain
rain_344464.mp3,rain
rain_349488.mp3,rain
rain_350956.mp3,rain
rain_353364.mp3,rain
rain_353366.mp3,rain
rain_35486.mp3,rain
rain_370279.mp3,rain
rain_370280.mp3,rain
rain_370281.mp3,rain
rain_370282.mp3,rain
rain_370283.mp3,rain
rain_370284.mp3,rain
rain_370285.mp3,rain
rain_370286.mp3,rain
rain_37613.mp3,rain
rain_37614.mp3,rain
rain_37615.mp3,rain
rain_37617.mp3,rain
rain_37618.mp3,rain
rain_37797.mp3,rain
rain_378051.mp3,rain
rain_380152.mp3,rain
rain_380153.mp3,rain
rain_380651.mp3,rain
rain_387061.mp3,rain
rain_387062.mp3,rain
rain_387063.mp3,rain
rain_387065.mp3,rain
rain_392304.mp3,rain
rain_392310.mp3,rain
rain_392640.mp3,rain
rain_396317.mp3,rain
rain_396318.mp3,rain
rain_396320.mp3,rain
rain_396506.mp3,rain
rain_398221.mp3,rain
rain_398737.mp3,rain
rain_398738.mp3,rain
rain_398739.mp3,rain
rain_398740.mp3,rain
rain_398741.mp3,rain
rain_39889.mp3,rain
rain_39890.mp3,rain
rain_399275.mp3,rain
rain_399276.mp3,rain
rain_399278.mp3,rain
rain_399279.mp3,rain
rain_399281.mp3,rain
rain_399683.mp3,rain
rain_399776.mp3,rain
rain_399824.mp3,rain
rain_400796.mp3,rain
rain_400988.mp3,rain
rain_401275.mp3,rain
rain_401276.mp3,rain
rain_405503.mp3,rain
rain_430765.mp3,rain
rain_431653.mp3,rain
rain_435663.mp3,rain
rain_435664.mp3,rain
rain_437338.mp3,rain
rain_440487.mp3,rain
rain_440488.mp3,rain
rain_440489.mp3,rain
rain_440491.mp3,rain
rain_440492.mp3,rain
rain_441389.mp3,rain
rain_44207.mp3,rain
rain_442296.mp3,rain
rain_44981.mp3,rain
rain_45476.mp3,rain
rain_461385.mp3,rain
rain_461386.mp3,rain
rain_461387.mp3,rain
rain_461388.mp3,rain
rain_461389.mp3,rain
rain_461392.mp3,rain
rain_46351.mp3,rain
rain_463828.mp3,rain
rain_464279.mp3,rain
rain_464280.mp3,rain
rain_464282.mp3,rain
rain_464283.mp3,rain
rain_467161.mp3,rain
rain_467162.mp3,rain
rain_467163.mp3,rain
rain_467166.mp3,rain
rain_467167.mp3,rain
rain_467168.mp3,rain
rain_467170.mp3,rain
rain_467172.mp3,rain
rain_467173.mp3,rain
rain_467175.mp3,rain
rain_467176.mp3,rain
rain_467177.mp3,rain
rain_467178.mp3,rain
rain_467180.mp3,rain
rain_467181.mp3,rain
rain_468023.mp3,rain
rain_468024.mp3,rain
rain_468025.mp3,rain
rain_474598.mp3,rain
rain_482684.mp3,rain
rain_486252.mp3,rain
rain_486254.mp3,rain
rain_486255.mp3,rain
rain_486256.mp3,rain
rain_486257.mp3,rain
rain_486258.mp3,rain
rain_486259.mp3,rain
rain_486260.mp3,rain
rain_486261.mp3,rain
rain_486265.mp3,rain
rain_486266.mp3,rain
rain_486267.mp3,rain
rain_486268.mp3,rain
rain_486270.mp3,rain
rain_486271.mp3,rain
rain_486272.mp3,rain
rain_48663.mp3,rain
rain_497151.mp3,rain
rain_49853.mp3,rain
rain_50053.mp3,rain
rain_50055.mp3,rain
rain_50056.mp3,rain
rain_50057.mp3,rain
rain_50058.mp3,rain
rain_50060.mp3,rain
rain_50061.mp3,rain
rain_50062.mp3,rain
rain_501238.mp3,rain
rain_501242.mp3,rain
rain_501244.mp3,rain
rain_507902.mp3,rain
rain_513394.mp3,rain
rain_513395.mp3,rain
rain_515805.mp3,rain
rain_515806.mp3,rain
rain_515839.mp3,rain
rain_520259.mp3,rain
rain_521609.mp3,rain
rain_521657.mp3,rain
rain_521807.mp3,rain
rain_521815.mp3,rain
rain_521891.mp3,rain
rain_521904.mp3,rain
rain_522027.mp3,rain
rain_522109.mp3,rain
rain_522594.mp3,rain
rain_522752.mp3,rain
rain_522995.mp3,rain
rain_523148.mp3,rain
rain_523154.mp3,rain
rain_523329.mp3,rain
rain_523330.mp3,rain
rain_525044.mp3,rain
rain_527497.mp3,rain
rain_527498.mp3,rain
rain_527500.mp3,rain
rain_527501.mp3,rain
rain_52777.mp3,rain
rain_531947.mp3,rain
rain_533154.mp3,rain
rain_536260.mp3,rain
rain_536261.mp3,rain
rain_536262.mp3,rain
rain_541288.mp3,rain
rain_541289.mp3,rain
rain_541290.mp3,rain
rain_541291.mp3,rain
rain_541292.mp3,rain
rain_545250.mp3,rain
rain_54756.mp3,rain
rain_54757.mp3,rain
rain_54758.mp3,rain
rain_54759.mp3,rain
rain_54760.mp3,rain
rain_54761.mp3,rain
rain_54762.mp3,rain
rain_54763.mp3,rain
rain_54764.mp3,rain
rain_54765.mp3,rain
rain_54766.mp3,rain
rain_54767.mp3,rain
rain_54768.mp3,rain
rain_54769.mp3,rain
rain_547927.mp3,rain
rain_553390.mp3,rain
rain_56306.mp3,rain
rain_56308.mp3,rain
rain_56309.mp3,rain
rain_56310.mp3,rain
rain_569369.mp3,rain
rain_569370.mp3,rain
rain_571243.mp3,rain
rain_571245.mp3,rain
rain_573202.mp3,rain
rain_573203.mp3,rain
rain_573204.mp3,rain
rain_575460.mp3,rain
rain_575461.mp3,rain
rain_575462.mp3,rain
rain_575465.mp3,rain
rain_577845.mp3,rain
rain_577846.mp3,rain
rain_579840.mp3,rain
rain_58238.mp3,rain
rain_58835.mp3,rain
rain_592345.mp3,rain
rain_592484.mp3,rain
rain_592485.mp3,rain
rain_593122.mp3,rain
rain_593123.mp3,rain
rain_594899.mp3,rain
rain_612183.mp3,rain
rain_612817.mp3,rain
rain_613852.mp3,rain
rain_634676.mp3,rain
rain_635443.mp3,rain
rain_639476.mp3,rain
rain_639477.mp3,rain
rain_639478.mp3,rain
rain_640371.mp3,rain
rain_640648.mp3,rain
rain_640650.mp3,rain
rain_640651.mp3,rain
rain_640655.mp3,rain
rain_645918.mp3,rain
rain_645922.mp3,rain
rain_645923.mp3,rain
rain_645924.mp3,rain
rain_645926.mp3,rain
rain_646472.mp3,rain
rain_646475.mp3,rain
rain_646476.mp3,rain
rain_649772.mp3,rain
rain_649773.mp3,rain
rain_649774.mp3,rain
rain_650427.mp3,rain
rain_650428.mp3,rain
rain_651673.mp3,rain
rain_651675.mp3,rain
rain_651676.mp3,rain
rain_651713.mp3,rain
rain_651714.mp3,rain
rain_652256.mp3,rain
rain_652260.mp3,rain
rain_658879.mp3,rain
rain_660542.mp3,rain
rain_662202.mp3,rain
rain_662204.mp3,rain
rain_666624.mp3,rain
rain_669484.mp3,rain
rain_669486.mp3,rain
rain_669487.mp3,rain
rain_671243.mp3,rain
rain_671244.mp3,rain
rain_683249.mp3,rain
rain_693836.mp3,rain
rain_695793.mp3,rain
rain_697904.mp3,rain
rain_697905.mp3,rain
rain_698359.mp3,rain
rain_703665.mp3,rain
rain_709295.mp3,rain
rain_713222.mp3,rain
rain_716599.mp3,rain
rain_718518.mp3,rain
rain_718835.mp3,rain
rain_718836.mp3,rain
rain_719057.mp3,rain
rain_719058.mp3,rain
rain_719059.mp3,rain
rain_719060.mp3,rain
rain_719061.mp3,rain
rain_719062.mp3,rain
rain_726357.mp3,rain
rain_728418.mp3,rain
rain_728424.mp3,rain
rain_728429.mp3,rain
rain_733289.mp3,rain
rain_733290.mp3,rain
rain_733291.mp3,rain
rain_733679.mp3,rain
rain_733682.mp3,rain
rain_733683.mp3,rain
rain_733979.mp3,rain
rain_734703.mp3,rain
rain_734869.mp3,rain
rain_734870.mp3,rain
rain_736842.mp3,rain
rain_736843.mp3,rain
rain_736844.mp3,rain
rain_736845.mp3,rain
rain_736846.mp3,rain
rain_736847.mp3,rain
rain_743838.mp3,rain
rain_744000.mp3,rain
rain_744001.mp3,rain
rain_745348.mp3,rain
rain_747595.mp3,rain
rain_754443.mp3,rain
rain_765858.mp3,rain
rain_76681.mp3,rain
rain_76682.mp3,rain
rain_76683.mp3,rain
rain_76684.mp3,rain
rain_76685.mp3,rain
rain_768870.mp3,rain
rain_768871.mp3,rain
rain_78522.mp3,rain
rain_79255.mp3,rain
rain_79257.mp3,rain
rain_79267.mp3,rain
rain_79268.mp3,rain
rain_79270.mp3,rain
rain_79271.mp3,rain
rain_79272.mp3,rain
rain_79865.mp3,rain
rain_79872.mp3,rain
rain_81388.mp3,rain
rain_81731.mp3,rain
rain_81817.mp3,rain
rain_81819.mp3,rain
rain_86347.mp3,rain
rain_86348.mp3,rain
rain_86349.mp3,rain
rain_86350.mp3,rain
rain_86351.mp3,rain
rain_86352.mp3,rain
rain_86353.mp3,rain
rain_86354.mp3,rain
rain_86355.mp3,rain
rain_86357.mp3,rain
rain_86359.mp3,rain
rain_86360.mp3,rain
rain_86361.mp3,rain
rain_86362.mp3,rain
rain_86363.mp3,rain
rain_86364.mp3,rain
rain_86365.mp3,rain
rain_86366.mp3,rain
rain_86367.mp3,rain
rain_88225.mp3,rain
rain_96727.mp3,rain
rain_96728.mp3,rain
windy_102311.mp3,windy
windy_108923.mp3,windy
windy_113173.mp3,windy
windy_113174.mp3,windy
windy_113175.mp3,windy
windy_113176.mp3,windy
windy_117094.mp3,windy
windy_118977.mp3,windy
windy_124167.mp3,windy
windy_126968.mp3,windy
windy_126969.mp3,windy
windy_126970.mp3,windy
windy_126971.mp3,windy
windy_128375.mp3,windy
windy_129428.mp3,windy
windy_129429.mp3,windy
windy_129430.mp3,windy
windy_129431.mp3,windy
windy_135836.mp3,windy
windy_138122.mp3,windy
windy_138132.mp3,windy
windy_140567.mp3,windy
windy_148919.mp3,windy
windy_151767.mp3,windy
windy_151768.mp3,windy
windy_151769.mp3,windy
windy_151770.mp3,windy
windy_151823.mp3,windy
windy_151850.mp3,windy
windy_162366.mp3,windy
windy_163155.mp3,windy
windy_167387.mp3,windy
windy_171698.mp3,windy
windy_172436.mp3,windy
windy_172546.mp3,windy
windy_172780.mp3,windy
windy_172864.mp3,windy
windy_172919.mp3,windy
windy_173158.mp3,windy
windy_173350.mp3,windy
windy_173848.mp3,windy
windy_173998.mp3,windy
windy_176587.mp3,windy
windy_176747.mp3,windy
windy_178816.mp3,windy
windy_179059.mp3,windy
windy_183448.mp3,windy
windy_184547.mp3,windy
windy_186428.mp3,windy
windy_187022.mp3,windy
windy_187541.mp3,windy
windy_187550.mp3,windy
windy_187561.mp3,windy
windy_188409.mp3,windy
windy_192549.mp3,windy
windy_192577.mp3,windy
windy_195739.mp3,windy
windy_196667.mp3,windy
windy_199283.mp3,windy
windy_199517.mp3,windy
windy_201896.mp3,windy
windy_201897.mp3,windy
windy_201898.mp3,windy
windy_201900.mp3,windy
windy_202852.mp3,windy
windy_205105.mp3,windy
windy_205981.mp3,windy
windy_207873.mp3,windy
windy_209205.mp3,windy
windy_209206.mp3,windy
windy_209207.mp3,windy
windy_209338.mp3,windy
windy_209339.mp3,windy
windy_209763.mp3,windy
windy_211619.mp3,windy
windy_213343.mp3,windy
windy_216099.mp3,windy
windy_216607.mp3,windy
windy_217696.mp3,windy
windy_218198.mp3,windy
windy_218355.mp3,windy
windy_218523.mp3,windy
windy_218751.mp3,windy
windy_22387.mp3,windy
windy_233601.mp3,windy
windy_243617.mp3,windy
windy_244939.mp3,windy
windy_244940.mp3,windy
windy_244941.mp3,windy
windy_244942.mp3,windy
windy_245890.mp3,windy
windy_248123.mp3,windy
windy_249506.mp3,windy
windy_249582.mp3,windy
windy_249657.mp3,windy
windy_250178.mp3,windy
windy_252835.mp3,windy
windy_256862.mp3,windy
windy_259970.mp3,windy
windy_261212.mp3,windy
windy_262891.mp3,windy
windy_264292.mp3,windy
windy_265633.mp3,windy
windy_268537.mp3,windy
windy_268571.mp3,windy
windy_268601.mp3,windy
windy_269274.mp3,windy
windy_270411.mp3,windy
windy_271235.mp3,windy
windy_271530.mp3,windy
windy_275992.mp3,windy
windy_276269.mp3,windy
windy_276684.mp3,windy
windy_277405.mp3,windy
windy_29984.mp3,windy
windy_318640.mp3,windy
windy_320757.mp3,windy
windy_321412.mp3,windy
windy_324491.mp3,windy
windy_324492.mp3,windy
windy_324493.mp3,windy
windy_326397.mp3,windy
windy_330333.mp3,windy
windy_331687.mp3,windy
windy_331892.mp3,windy
windy_335270.mp3,windy
windy_336773.mp3,windy
windy_337691.mp3,windy
windy_339618.mp3,windy
windy_339699.mp3,windy
windy_340148.mp3,windy
windy_341368.mp3,windy
windy_341382.mp3,windy
windy_342199.mp3,windy
windy_345949.mp3,windy
windy_347247.mp3,windy
windy_349039.mp3,windy
windy_349040.mp3,windy
windy_349158.mp3,windy
windy_349698.mp3,windy
windy_351714.mp3,windy
windy_352124.mp3,windy
windy_360775.mp3,windy
windy_360776.mp3,windy
windy_361307.mp3,windy
windy_361804.mp3,windy
windy_361814.mp3,windy
windy_361919.mp3,windy
windy_362742.mp3,windy
windy_365631.mp3,windy
windy_365821.mp3,windy
windy_365873.mp3,windy
windy_366917.mp3,windy
windy_371702.mp3,windy
windy_371901.mp3,windy
windy_372552.mp3,windy
windy_372559.mp3,windy
windy_376515.mp3,windy
windy_380929.mp3,windy
windy_384128.mp3,windy
windy_386413.mp3,windy
windy_386537.mp3,windy
windy_387236.mp3,windy
windy_389849.mp3,windy
windy_393691.mp3,windy
windy_393808.mp3,windy
windy_394698.mp3,windy
windy_403475.mp3,windy
windy_405593.mp3,windy
windy_407281.mp3,windy
windy_408266.mp3,windy
windy_409058.mp3,windy
windy_414094.mp3,windy
windy_415998.mp3,windy
windy_416394.mp3,windy
windy_416899.mp3,windy
windy_420293.mp3,windy
windy_420294.mp3,windy
windy_420295.mp3,windy
windy_420296.mp3,windy
windy_420297.mp3,windy
windy_420298.mp3,windy
windy_420299.mp3,windy
windy_420300.mp3,windy
windy_420301.mp3,windy
windy_420302.mp3,windy
windy_420303.mp3,windy
windy_420304.mp3,windy
windy_420305.mp3,windy
windy_420306.mp3,windy
windy_420307.mp3,windy
windy_420308.mp3,windy
windy_420309.mp3,windy
windy_420310.mp3,windy
windy_420311.mp3,windy
windy_420312.mp3,windy
windy_420313.mp3,windy
windy_420314.mp3,windy
windy_420315.mp3,windy
windy_420316.mp3,windy
windy_420317.mp3,windy
windy_420318.mp3,windy
windy_420319.mp3,windy
windy_420320.mp3,windy
windy_420321.mp3,windy
windy_420322.mp3,windy
windy_420323.mp3,windy
windy_420324.mp3,windy
windy_422265.mp3,windy
windy_423145.mp3,windy
windy_426044.mp3,windy
windy_427419.mp3,windy
windy_428540.mp3,windy
windy_433688.mp3,windy
windy_434168.mp3,windy
windy_434221.mp3,windy
windy_435393.mp3,windy
windy_435394.mp3,windy
windy_435395.mp3,windy
windy_435396.mp3,windy
windy_435397.mp3,windy
windy_435398.mp3,windy
windy_435399.mp3,windy
windy_435401.mp3,windy
windy_435402.mp3,windy
windy_436857.mp3,windy
windy_436858.mp3,windy
windy_437214.mp3,windy
windy_437471.mp3,windy
windy_440437.mp3,windy
windy_441866.mp3,windy
windy_443079.mp3,windy
windy_443134.mp3,windy
windy_444008.mp3,windy
windy_444547.mp3,windy
windy_449930.mp3,windy
windy_455040.mp3,windy
windy_456410.mp3,windy
windy_456411.mp3,windy
windy_45642.mp3,windy
windy_457923.mp3,windy
windy_459347.mp3,windy
windy_459369.mp3,windy
windy_459470.mp3,windy
windy_459572.mp3,windy
windy_459977.mp3,windy
windy_459981.mp3,windy
windy_462191.mp3,windy
windy_463728.mp3,windy
windy_464147.mp3,windy
windy_466125.mp3,windy
windy_466826.mp3,windy
windy_469280.mp3,windy
windy_476244.mp3,windy
windy_476445.mp3,windy
windy_476504.mp3,windy
windy_477424.mp3,windy
windy_477425.mp3,windy
windy_477536.mp3,windy
windy_478644.mp3,windy
windy_478811.mp3,windy
windy_483168.mp3,windy
windy_485785.mp3,windy
windy_492810.mp3,windy
windy_495888.mp3,windy
windy_502764.mp3,windy
windy_502879.mp3,windy
windy_502881.mp3,windy
windy_503236.mp3,windy
windy_503237.mp3,windy
windy_505471.mp3,windy
windy_505472.mp3,windy
windy_505473.mp3,windy
windy_505533.mp3,windy
windy_505606.mp3,windy
windy_510156.mp3,windy
windy_511850.mp3,windy
windy_516234.mp3,windy
windy_51741.mp3,windy
windy_517904.mp3,windy
windy_519405.mp3,windy
windy_521228.mp3,windy
windy_523184.mp3,windy
windy_523757.mp3,windy
windy_524916.mp3,windy
windy_527434.mp3,windy
windy_527772.mp3,windy
windy_529712.mp3,windy
windy_529883.mp3,windy
windy_531111.mp3,windy
windy_534343.mp3,windy
windy_540158.mp3,windy
windy_541278.mp3,windy
windy_542151.mp3,windy
windy_542196.mp3,windy
windy_544889.mp3,windy
windy_545036.mp3,windy
windy_545037.mp3,windy
windy_554319.mp3,windy
windy_554845.mp3,windy
windy_554846.mp3,windy
windy_558147.mp3,windy
windy_562968.mp3,windy
windy_564430.mp3,windy
windy_565455.mp3,windy
windy_565899.mp3,windy
windy_567550.mp3,windy
windy_567887.mp3,windy
windy_567893.mp3,windy
windy_569610.mp3,windy
windy_570488.mp3,windy
windy_570925.mp3,windy
windy_573289.mp3,windy
windy_573290.mp3,windy
windy_574527.mp3,windy
windy_574528.mp3,windy
windy_574529.mp3,windy
windy_574530.mp3,windy
windy_574531.mp3,windy
windy_574572.mp3,windy
windy_574573.mp3,windy
windy_575719.mp3,windy
windy_579856.mp3,windy
windy_583929.mp3,windy
windy_590086.mp3,windy
windy_590087.mp3,windy
windy_592323.mp3,windy
windy_592324.mp3,windy
windy_592966.mp3,windy
windy_593439.mp3,windy
windy_593675.mp3,windy
windy_593686.mp3,windy
windy_593799.mp3,windy
windy_595755.mp3,windy
windy_595759.mp3,windy
windy_595769.mp3,windy
windy_595772.mp3,windy
windy_595773.mp3,windy
windy_595775.mp3,windy
windy_614929.mp3,windy
windy_615160.mp3,windy
windy_617759.mp3,windy
windy_620454.mp3,windy
windy_623726.mp3,windy
windy_625186.mp3,windy
windy_625507.mp3,windy
windy_626390.mp3,windy
windy_626391.mp3,windy
windy_633223.mp3,windy
windy_634815.mp3,windy
windy_634875.mp3,windy
windy_635126.mp3,windy
windy_635129.mp3,windy
windy_635135.mp3,windy
windy_635218.mp3,windy
windy_635339.mp3,windy
windy_635887.mp3,windy
windy_636425.mp3,windy
windy_636544.mp3,windy
windy_640559.mp3,windy
windy_640562.mp3,windy
windy_641850.mp3,windy
windy_645147.mp3,windy
windy_645877.mp3,windy
windy_648430.mp3,windy
windy_654421.mp3,windy
windy_655669.mp3,windy
windy_656603.mp3,windy
windy_656899.mp3,windy
windy_658051.mp3,windy
windy_659217.mp3,windy
windy_659249.mp3,windy
windy_659250.mp3,windy
windy_667115.mp3,windy
windy_669640.mp3,windy
windy_671860.mp3,windy
windy_676342.mp3,windy
windy_677586.mp3,windy
windy_677667.mp3,windy
windy_678611.mp3,windy
windy_680635.mp3,windy
windy_683891.mp3,windy
windy_68450.mp3,windy
windy_685212.mp3,windy
windy_689182.mp3,windy
windy_697767.mp3,windy
windy_697769.mp3,windy
windy_700049.mp3,windy
windy_700629.mp3,windy
windy_700898.mp3,windy
windy_701130.mp3,windy
windy_703376.mp3,windy
windy_706095.mp3,windy
windy_706199.mp3,windy
windy_706200.mp3,windy
windy_706260.mp3,windy
windy_707008.mp3,windy
windy_708176.mp3,windy
windy_708913.mp3,windy
windy_708914.mp3,windy
windy_708915.mp3,windy
windy_708916.mp3,windy
windy_708917.mp3,windy
windy_708918.mp3,windy
windy_708919.mp3,windy
windy_708920.mp3,windy
windy_708921.mp3,windy
windy_708922.mp3,windy
windy_708923.mp3,windy
windy_708924.mp3,windy
windy_708925.mp3,windy
windy_708926.mp3,windy
windy_708927.mp3,windy
windy_708928.mp3,windy
windy_708929.mp3,windy
windy_708930.mp3,windy
windy_708931.mp3,windy
windy_708932.mp3,windy
windy_708933.mp3,windy
windy_708934.mp3,windy
windy_708935.mp3,windy
windy_708936.mp3,windy
windy_708939.mp3,windy
windy_708940.mp3,windy
windy_708941.mp3,windy
windy_708942.mp3,windy
windy_708943.mp3,windy
windy_708944.mp3,windy
windy_708945.mp3,windy
windy_708946.mp3,windy
windy_708947.mp3,windy
windy_708948.mp3,windy
windy_708949.mp3,windy
windy_708950.mp3,windy
windy_708951.mp3,windy
windy_708952.mp3,windy
windy_708953.mp3,windy
windy_708954.mp3,windy
windy_708955.mp3,windy
windy_709612.mp3,windy
windy_714494.mp3,windy
windy_714806.mp3,windy
windy_714921.mp3,windy
windy_716293.mp3,windy
windy_718030.mp3,windy
windy_718281.mp3,windy
windy_718522.mp3,windy
windy_719561.mp3,windy
windy_720472.mp3,windy
windy_720473.mp3,windy
windy_720474.mp3,windy
windy_720475.mp3,windy
windy_720666.mp3,windy
windy_723021.mp3,windy
windy_723073.mp3,windy
windy_725625.mp3,windy
windy_725691.mp3,windy
windy_727292.mp3,windy
windy_727293.mp3,windy
windy_729245.mp3,windy
windy_729246.mp3,windy
windy_729247.mp3,windy
windy_729535.mp3,windy
windy_733593.mp3,windy
windy_733594.mp3,windy
windy_733595.mp3,windy
windy_739967.mp3,windy
windy_741017.mp3,windy
windy_742866.mp3,windy
windy_742931.mp3,windy
windy_742932.mp3,windy
windy_742933.mp3,windy
windy_747214.mp3,windy
windy_747217.mp3,windy
windy_750835.mp3,windy
windy_751680.mp3,windy
windy_753710.mp3,windy
windy_754322.mp3,windy
windy_755009.mp3,windy
windy_757876.mp3,windy
windy_757974.mp3,windy
windy_760935.mp3,windy
windy_761077.mp3,windy
windy_761396.mp3,windy
windy_761429.mp3,windy
windy_765678.mp3,windy
windy_766896.mp3,windy
windy_768682.mp3,windy
windy_768683.mp3,windy
windy_768968.mp3,windy
windy_769670.mp3,windy
windy_772476.mp3,windy
windy_772477.mp3,windy
windy_772600.mp3,windy
windy_77894.mp3,windy
windy_78452.mp3,windy
windy_78453.mp3,windy
windy_87464.mp3,windy
windy_87977.mp3,windy
windy_99580.mp3,windy
hail_119399.mp3,hail
hail_120105.mp3,hail
hail_120241.mp3,hail
hail_120400.mp3,hail
hail_120402.mp3,hail
hail_120505.mp3,hail
hail_121204.mp3,hail
hail_121943.mp3,hail
hail_121944.mp3,hail
hail_121945.mp3,hail
hail_121946.mp3,hail
hail_133842.mp3,hail
hail_134942.mp3,hail
hail_136850.mp3,hail
hail_138040.mp3,hail
hail_140330.mp3,hail
hail_141587.mp3,hail
hail_147166.mp3,hail
hail_151175.mp3,hail
hail_154961.mp3,hail
hail_155611.mp3,hail
hail_155975.mp3,hail
hail_159678.mp3,hail
hail_162004.mp3,hail
hail_162005.mp3,hail
hail_162006.mp3,hail
hail_162213.mp3,hail
hail_168510.mp3,hail
hail_168824.mp3,hail
hail_171818.mp3,hail
hail_171984.mp3,hail
hail_172167.mp3,hail
hail_178571.mp3,hail
hail_178988.mp3,hail
hail_179047.mp3,hail
hail_18456.mp3,hail
hail_185345.mp3,hail
hail_187680.mp3,hail
hail_188620.mp3,hail
hail_19314.mp3,hail
hail_195499.mp3,hail
hail_195500.mp3,hail
hail_195501.mp3,hail
hail_195502.mp3,hail
hail_195503.mp3,hail
hail_195504.mp3,hail
hail_195819.mp3,hail
hail_195820.mp3,hail
hail_195821.mp3,hail
hail_195822.mp3,hail
hail_196553.mp3,hail
hail_197140.mp3,hail
hail_200283.mp3,hail
hail_201592.mp3,hail
hail_201593.mp3,hail
hail_201595.mp3,hail
hail_215180.mp3,hail
hail_21885.mp3,hail
hail_220186.mp3,hail
hail_232284.mp3,hail
hail_232288.mp3,hail
hail_235828.mp3,hail
hail_235829.mp3,hail
hail_236959.mp3,hail
hail_237425.mp3,hail
hail_238331.mp3,hail
hail_239482.mp3,hail
hail_240295.mp3,hail
hail_240742.mp3,hail
hail_251661.mp3,hail
hail_251662.mp3,hail
hail_253079.mp3,hail
hail_253080.mp3,hail
hail_255671.mp3,hail
hail_262668.mp3,hail
hail_262855.mp3,hail
hail_263135.mp3,hail
hail_264112.mp3,hail
hail_268785.mp3,hail
hail_274093.mp3,hail
hail_274716.mp3,hail
hail_276268.mp3,hail
hail_276926.mp3,hail
hail_316891.mp3,hail
hail_316892.mp3,hail
hail_319252.mp3,hail
hail_320053.mp3,hail
hail_320140.mp3,hail
hail_322604.mp3,hail
hail_330211.mp3,hail
hail_331128.mp3,hail
hail_331129.mp3,hail
hail_333875.mp3,hail
hail_334247.mp3,hail
hail_337798.mp3,hail
hail_342239.mp3,hail
hail_34386.mp3,hail
hail_345387.mp3,hail
hail_345564.mp3,hail
hail_346317.mp3,hail
hail_347003.mp3,hail
hail_347303.mp3,hail
hail_347568.mp3,hail
hail_350811.mp3,hail
hail_350812.mp3,hail
hail_350887.mp3,hail
hail_352281.mp3,hail
hail_35369.mp3,hail
hail_35970.mp3,hail
hail_363134.mp3,hail
hail_365007.mp3,hail
hail_367032.mp3,hail
hail_367539.mp3,hail
hail_371318.mp3,hail
hail_371771.mp3,hail
hail_376769.mp3,hail
hail_382700.mp3,hail
hail_383062.mp3,hail
hail_383727.mp3,hail
hail_39029.mp3,hail
hail_393864.mp3,hail
hail_394489.mp3,hail
hail_394715.mp3,hail
hail_394716.mp3,hail
hail_394717.mp3,hail
hail_394718.mp3,hail
hail_394719.mp3,hail
hail_398056.mp3,hail
hail_402899.mp3,hail
hail_40971.mp3,hail
hail_413729.mp3,hail
hail_425041.mp3,hail
hail_425173.mp3,hail
hail_425174.mp3,hail
hail_426282.mp3,hail
hail_429668.mp3,hail
hail_430918.mp3,hail
hail_431784.mp3,hail
hail_431787.mp3,hail
hail_434741.mp3,hail
hail_435674.mp3,hail
hail_436145.mp3,hail
hail_446384.mp3,hail
hail_448704.mp3,hail
hail_452499.mp3,hail
hail_453155.mp3,hail
hail_456916.mp3,hail
hail_457440.mp3,hail
hail_459852.mp3,hail
hail_462110.mp3,hail
hail_466445.mp3,hail
hail_474551.mp3,hail
hail_475841.mp3,hail
hail_475842.mp3,hail
hail_480875.mp3,hail
hail_482684.mp3,hail
hail_489355.mp3,hail
hail_489766.mp3,hail
hail_497235.mp3,hail
hail_497250.mp3,hail
hail_502468.mp3,hail
hail_502502.mp3,hail
hail_503279.mp3,hail
hail_503280.mp3,hail
hail_503281.mp3,hail
hail_503282.mp3,hail
hail_506455.mp3,hail
hail_506714.mp3,hail
hail_507430.mp3,hail
hail_508988.mp3,hail
hail_508989.mp3,hail
hail_508990.mp3,hail
hail_510742.mp3,hail
hail_510749.mp3,hail
hail_513108.mp3,hail
hail_515246.mp3,hail
hail_515711.mp3,hail
hail_515712.mp3,hail
hail_516087.mp3,hail
hail_517889.mp3,hail
hail_517892.mp3,hail
hail_518120.mp3,hail
hail_518122.mp3,hail
hail_518123.mp3,hail
hail_518124.mp3,hail
hail_518125.mp3,hail
hail_518600.mp3,hail
hail_519285.mp3,hail
hail_521375.mp3,hail
hail_523684.mp3,hail
hail_528809.mp3,hail
hail_532093.mp3,hail
hail_537063.mp3,hail
hail_53923.mp3,hail
hail_544895.mp3,hail
hail_544897.mp3,hail
hail_544898.mp3,hail
hail_544899.mp3,hail
hail_544900.mp3,hail
hail_544901.mp3,hail
hail_544902.mp3,hail
hail_544903.mp3,hail
hail_544904.mp3,hail
hail_544905.mp3,hail
hail_544907.mp3,hail
hail_544908.mp3,hail
hail_544909.mp3,hail
hail_544910.mp3,hail
hail_544912.mp3,hail
hail_544913.mp3,hail
hail_544914.mp3,hail
hail_544915.mp3,hail
hail_545210.mp3,hail
hail_545211.mp3,hail
hail_545212.mp3,hail
hail_545216.mp3,hail
hail_545217.mp3,hail
hail_545218.mp3,hail
hail_545219.mp3,hail
hail_545222.mp3,hail
hail_545224.mp3,hail
hail_545225.mp3,hail
hail_545227.mp3,hail
hail_545772.mp3,hail
hail_547053.mp3,hail
hail_547056.mp3,hail
hail_551447.mp3,hail
hail_551566.mp3,hail
hail_551567.mp3,hail
hail_551569.mp3,hail
hail_553468.mp3,hail
hail_553481.mp3,hail
hail_553483.mp3,hail
hail_553485.mp3,hail
hail_553486.mp3,hail
hail_553490.mp3,hail
hail_554274.mp3,hail
hail_554734.mp3,hail
hail_554742.mp3,hail
hail_554743.mp3,hail
hail_554746.mp3,hail
hail_554755.mp3,hail
hail_557632.mp3,hail
hail_558415.mp3,hail
hail_559489.mp3,hail
hail_562201.mp3,hail
hail_563573.mp3,hail
hail_563612.mp3,hail
hail_563893.mp3,hail
hail_563894.mp3,hail
hail_565139.mp3,hail
hail_567176.mp3,hail
hail_568236.mp3,hail
hail_570202.mp3,hail
hail_572993.mp3,hail
hail_572994.mp3,hail
hail_572995.mp3,hail
hail_574928.mp3,hail
hail_579007.mp3,hail
hail_586997.mp3,hail
hail_587003.mp3,hail
hail_587004.mp3,hail
hail_587005.mp3,hail
hail_587006.mp3,hail
hail_587007.mp3,hail
hail_587008.mp3,hail
hail_587010.mp3,hail
hail_587015.mp3,hail
hail_587016.mp3,hail
hail_587017.mp3,hail
hail_587018.mp3,hail
hail_587019.mp3,hail
hail_587020.mp3,hail
hail_587024.mp3,hail
hail_587025.mp3,hail
hail_587026.mp3,hail
hail_587027.mp3,hail
hail_587041.mp3,hail
hail_587059.mp3,hail
hail_587066.mp3,hail
hail_587419.mp3,hail
hail_594271.mp3,hail
hail_607718.mp3,hail
hail_607719.mp3,hail
hail_607720.mp3,hail
hail_607866.mp3,hail
hail_607883.mp3,hail
hail_607903.mp3,hail
hail_607908.mp3,hail
hail_607918.mp3,hail
hail_607927.mp3,hail
hail_608393.mp3,hail
hail_608394.mp3,hail
hail_609000.mp3,hail
hail_609393.mp3,hail
hail_609394.mp3,hail
hail_609397.mp3,hail
hail_609485.mp3,hail
hail_609589.mp3,hail
hail_609590.mp3,hail
hail_609749.mp3,hail
hail_609803.mp3,hail
hail_609901.mp3,hail
hail_610265.mp3,hail
hail_611121.mp3,hail
hail_611191.mp3,hail
hail_611631.mp3,hail
hail_611713.mp3,hail
hail_612068.mp3,hail
hail_612070.mp3,hail
hail_612145.mp3,hail
hail_612146.mp3,hail
hail_612156.mp3,hail
hail_612186.mp3,hail
hail_612687.mp3,hail
hail_612688.mp3,hail
hail_612989.mp3,hail
hail_612991.mp3,hail
hail_612993.mp3,hail
hail_613039.mp3,hail
hail_613098.mp3,hail
hail_613110.mp3,hail
hail_613151.mp3,hail
hail_613258.mp3,hail
hail_613310.mp3,hail
hail_614016.mp3,hail
hail_614198.mp3,hail
hail_614456.mp3,hail
hail_614796.mp3,hail
hail_614861.mp3,hail
hail_615048.mp3,hail
hail_615087.mp3,hail
hail_615163.mp3,hail
hail_615168.mp3,hail
hail_615951.mp3,hail
hail_615952.mp3,hail
hail_616217.mp3,hail
hail_616377.mp3,hail
hail_616792.mp3,hail
hail_616793.mp3,hail
hail_616986.mp3,hail
hail_617289.mp3,hail
hail_617449.mp3,hail
hail_617451.mp3,hail
hail_617461.mp3,hail
hail_619156.mp3,hail
hail_620239.mp3,hail
hail_620240.mp3,hail
hail_621908.mp3,hail
hail_623137.mp3,hail
hail_623414.mp3,hail
hail_624267.mp3,hail
hail_624498.mp3,hail
hail_62506.mp3,hail
hail_62529.mp3,hail
hail_625400.mp3,hail
hail_626184.mp3,hail
hail_626467.mp3,hail
hail_626545.mp3,hail
hail_626551.mp3,hail
hail_626575.mp3,hail
hail_627221.mp3,hail
hail_627241.mp3,hail
hail_629096.mp3,hail
hail_629100.mp3,hail
hail_629102.mp3,hail
hail_630430.mp3,hail
hail_632300.mp3,hail
hail_632309.mp3,hail
hail_632365.mp3,hail
hail_632792.mp3,hail
hail_635571.mp3,hail
hail_63802.mp3,hail
hail_639412.mp3,hail
hail_640157.mp3,hail
hail_641307.mp3,hail
hail_641413.mp3,hail
hail_641585.mp3,hail
hail_642313.mp3,hail
hail_642574.mp3,hail
hail_642575.mp3,hail
hail_648528.mp3,hail
hail_648542.mp3,hail
hail_651018.mp3,hail
hail_652504.mp3,hail
hail_652700.mp3,hail
hail_653061.mp3,hail
hail_653085.mp3,hail
hail_653279.mp3,hail
hail_653280.mp3,hail
hail_653300.mp3,hail
hail_653872.mp3,hail
hail_653925.mp3,hail
hail_654304.mp3,hail
hail_655505.mp3,hail
hail_657346.mp3,hail
hail_65909.mp3,hail
hail_659593.mp3,hail
hail_659960.mp3,hail
hail_663502.mp3,hail
hail_666712.mp3,hail
hail_671531.mp3,hail
hail_671535.mp3,hail
hail_678958.mp3,hail
hail_679952.mp3,hail
hail_679953.mp3,hail
hail_680754.mp3,hail
hail_681990.mp3,hail
hail_683436.mp3,hail
hail_684329.mp3,hail
hail_684480.mp3,hail
hail_684506.mp3,hail
hail_684806.mp3,hail
hail_684827.mp3,hail
hail_684858.mp3,hail
hail_684905.mp3,hail
hail_685618.mp3,hail
hail_686759.mp3,hail
hail_688740.mp3,hail
hail_688755.mp3,hail
hail_688842.mp3,hail
hail_688846.mp3,hail
hail_688883.mp3,hail
hail_688890.mp3,hail
hail_688897.mp3,hail
hail_689960.mp3,hail
hail_690067.mp3,hail
hail_690193.mp3,hail
hail_690194.mp3,hail
hail_690195.mp3,hail
hail_690196.mp3,hail
hail_690624.mp3,hail
hail_691617.mp3,hail
hail_692107.mp3,hail
hail_692859.mp3,hail
hail_692944.mp3,hail
hail_692945.mp3,hail
hail_692947.mp3,hail
hail_693544.mp3,hail
hail_693695.mp3,hail
hail_693873.mp3,hail
hail_693874.mp3,hail
hail_693875.mp3,hail
hail_693876.mp3,hail
hail_693877.mp3,hail
hail_694474.mp3,hail
hail_696029.mp3,hail
hail_696382.mp3,hail
hail_697618.mp3,hail
hail_698106.mp3,hail
hail_698201.mp3,hail
hail_698743.mp3,hail
hail_700195.mp3,hail
hail_700322.mp3,hail
hail_702112.mp3,hail
hail_702113.mp3,hail
hail_703029.mp3,hail
hail_703246.mp3,hail
hail_706010.mp3,hail
hail_707394.mp3,hail
hail_710015.mp3,hail
hail_712920.mp3,hail
hail_714169.mp3,hail
hail_714401.mp3,hail
hail_717368.mp3,hail
hail_717369.mp3,hail
hail_719614.mp3,hail
hail_719615.mp3,hail
hail_719616.mp3,hail
hail_721563.mp3,hail
hail_721633.mp3,hail
hail_723335.mp3,hail
hail_723336.mp3,hail
hail_725101.mp3,hail
hail_725607.mp3,hail
hail_728776.mp3,hail
hail_728777.mp3,hail
hail_730271.mp3,hail
hail_731567.mp3,hail
hail_734875.mp3,hail
hail_735945.mp3,hail
hail_740686.mp3,hail
hail_741319.mp3,hail
hail_742099.mp3,hail
hail_74221.mp3,hail
hail_743658.mp3,hail
hail_74421.mp3,hail
hail_74422.mp3,hail
hail_74839.mp3,hail
hail_750636.mp3,hail
hail_751181.mp3,hail
hail_751903.mp3,hail
hail_75438.mp3,hail
hail_766883.mp3,hail
hail_79257.mp3,hail
hail_80588.mp3,hail
hail_81452.mp3,hail
hail_95130.mp3,hail
hail_96171.mp3,hail
hail_97191.mp3,hail
thunder_100050.mp3,thunder
thunder_101508.mp3,thunder
thunder_101692.mp3,thunder
thunder_101693.mp3,thunder
thunder_101933.mp3,thunder
thunder_101934.mp3,thunder
thunder_101948.mp3,thunder
thunder_102806.mp3,thunder
thunder_104936.mp3,thunder
thunder_105295.mp3,thunder
thunder_105296.mp3,thunder
thunder_105297.mp3,thunder
thunder_105298.mp3,thunder
thunder_105299.mp3,thunder
thunder_105303.mp3,thunder
thunder_105304.mp3,thunder
thunder_105306.mp3,thunder
thunder_105307.mp3,thunder
thunder_105308.mp3,thunder
thunder_105309.mp3,thunder
thunder_107520.mp3,thunder
thunder_115521.mp3,thunder
thunder_118779.mp3,thunder
thunder_118939.mp3,thunder
thunder_118940.mp3,thunder
thunder_119065.mp3,thunder
thunder_119401.mp3,thunder
thunder_119403.mp3,thunder
thunder_120393.mp3,thunder
thunder_121148.mp3,thunder
thunder_121569.mp3,thunder
thunder_121943.mp3,thunder
thunder_121945.mp3,thunder
thunder_121946.mp3,thunder
thunder_124129.mp3,thunder
thunder_125214.mp3,thunder
thunder_127140.mp3,thunder
thunder_128460.mp3,thunder
thunder_128621.mp3,thunder
thunder_132979.mp3,thunder
thunder_135104.mp3,thunder
thunder_136283.mp3,thunder
thunder_136284.mp3,thunder
thunder_151189.mp3,thunder
thunder_151190.mp3,thunder
thunder_151191.mp3,thunder
thunder_151192.mp3,thunder
thunder_151193.mp3,thunder
thunder_151194.mp3,thunder
thunder_151195.mp3,thunder
thunder_151196.mp3,thunder
thunder_151197.mp3,thunder
thunder_151198.mp3,thunder
thunder_151199.mp3,thunder
thunder_151200.mp3,thunder
thunder_151201.mp3,thunder
thunder_153487.mp3,thunder
thunder_158691.mp3,thunder
thunder_158692.mp3,thunder
thunder_169152.mp3,thunder
thunder_169156.mp3,thunder
thunder_169157.mp3,thunder
thunder_169158.mp3,thunder
thunder_169159.mp3,thunder
thunder_169230.mp3,thunder
thunder_169231.mp3,thunder
thunder_169236.mp3,thunder
thunder_169249.mp3,thunder
thunder_169255.mp3,thunder
thunder_169257.mp3,thunder
thunder_169286.mp3,thunder
thunder_169534.mp3,thunder
thunder_169763.mp3,thunder
thunder_169860.mp3,thunder
thunder_17054.mp3,thunder
thunder_17056.mp3,thunder
thunder_17057.mp3,thunder
thunder_17058.mp3,thunder
thunder_17059.mp3,thunder
thunder_172355.mp3,thunder
thunder_178592.mp3,thunder
thunder_18047.mp3,thunder
thunder_184211.mp3,thunder
thunder_184659.mp3,thunder
thunder_187772.mp3,thunder
thunder_19037.mp3,thunder
thunder_191605.mp3,thunder
thunder_192141.mp3,thunder
thunder_192195.mp3,thunder
thunder_193331.mp3,thunder
thunder_193332.mp3,thunder
thunder_193333.mp3,thunder
thunder_193334.mp3,thunder
thunder_193335.mp3,thunder
thunder_193338.mp3,thunder
thunder_193340.mp3,thunder
thunder_194364.mp3,thunder
thunder_194618.mp3,thunder
thunder_194840.mp3,thunder
thunder_194842.mp3,thunder
thunder_195344.mp3,thunder
thunder_195432.mp3,thunder
thunder_195433.mp3,thunder
thunder_195436.mp3,thunder
thunder_195502.mp3,thunder
thunder_195503.mp3,thunder
thunder_195913.mp3,thunder
thunder_197379.mp3,thunder
thunder_197738.mp3,thunder
thunder_198737.mp3,thunder
thunder_199947.mp3,thunder
thunder_199948.mp3,thunder
thunder_199950.mp3,thunder
thunder_199953.mp3,thunder
thunder_199955.mp3,thunder
thunder_199956.mp3,thunder
thunder_199957.mp3,thunder
thunder_199958.mp3,thunder
thunder_199959.mp3,thunder
thunder_20016.mp3,thunder
thunder_20017.mp3,thunder
thunder_20048.mp3,thunder
thunder_202363.mp3,thunder
thunder_203429.mp3,thunder
thunder_203504.mp3,thunder
thunder_20386.mp3,thunder
thunder_20387.mp3,thunder
thunder_20388.mp3,thunder
thunder_214507.mp3,thunder
thunder_21604.mp3,thunder
thunder_234737.mp3,thunder
thunder_235788.mp3,thunder
thunder_237725.mp3,thunder
thunder_237726.mp3,thunder
thunder_237730.mp3,thunder
thunder_237731.mp3,thunder
thunder_238330.mp3,thunder
thunder_238691.mp3,thunder
thunder_238776.mp3,thunder
thunder_238791.mp3,thunder
thunder_238792.mp3,thunder
thunder_238794.mp3,thunder
thunder_238795.mp3,thunder
thunder_238796.mp3,thunder
thunder_238797.mp3,thunder
thunder_238798.mp3,thunder
thunder_238799.mp3,thunder
thunder_238800.mp3,thunder
thunder_238801.mp3,thunder
thunder_238802.mp3,thunder
thunder_238803.mp3,thunder
thunder_238804.mp3,thunder
thunder_238805.mp3,thunder
thunder_238806.mp3,thunder
thunder_238807.mp3,thunder
thunder_239963.mp3,thunder
thunder_240366.mp3,thunder
thunder_240367.mp3,thunder
thunder_240368.mp3,thunder
thunder_240790.mp3,thunder
thunder_240793.mp3,thunder
thunder_241291.mp3,thunder
thunder_241292.mp3,thunder
thunder_241293.mp3,thunder
thunder_241294.mp3,thunder
thunder_242016.mp3,thunder
thunder_242017.mp3,thunder
thunder_242018.mp3,thunder
thunder_242603.mp3,thunder
thunder_243001.mp3,thunder
thunder_243776.mp3,thunder
thunder_243777.mp3,thunder
thunder_243778.mp3,thunder
thunder_243779.mp3,thunder
thunder_243780.mp3,thunder
thunder_243782.mp3,thunder
thunder_244054.mp3,thunder
thunder_244581.mp3,thunder
thunder_244800.mp3,thunder
thunder_249537.mp3,thunder
thunder_249781.mp3,thunder
thunder_249945.mp3,thunder
thunder_249946.mp3,thunder
thunder_249948.mp3,thunder
thunder_249950.mp3,thunder
thunder_260758.mp3,thunder
thunder_275754.mp3,thunder
thunder_278977.mp3,thunder
thunder_279041.mp3,thunder
thunder_294443.mp3,thunder
thunder_29711.mp3,thunder
thunder_320049.mp3,thunder
thunder_320050.mp3,thunder
thunder_321164.mp3,thunder
thunder_321423.mp3,thunder
thunder_321654.mp3,thunder
thunder_321668.mp3,thunder
thunder_322210.mp3,thunder
thunder_323673.mp3,thunder
thunder_324588.mp3,thunder
thunder_327694.mp3,thunder
thunder_327696.mp3,thunder
thunder_327697.mp3,thunder
thunder_327698.mp3,thunder
thunder_327950.mp3,thunder
thunder_327986.mp3,thunder
thunder_334146.mp3,thunder
thunder_334147.mp3,thunder
thunder_334150.mp3,thunder
thunder_334151.mp3,thunder
thunder_340238.mp3,thunder
thunder_342869.mp3,thunder
thunder_344434.mp3,thunder
thunder_346390.mp3,thunder
thunder_346565.mp3,thunder
thunder_347372.mp3,thunder
thunder_348121.mp3,thunder
thunder_348354.mp3,thunder
thunder_348805.mp3,thunder
thunder_349218.mp3,thunder
thunder_34930.mp3,thunder
thunder_349383.mp3,thunder
thunder_351385.mp3,thunder
thunder_351389.mp3,thunder
thunder_351390.mp3,thunder
thunder_351391.mp3,thunder
thunder_351392.mp3,thunder
thunder_351393.mp3,thunder
thunder_351394.mp3,thunder
thunder_35209.mp3,thunder
thunder_35210.mp3,thunder
thunder_35211.mp3,thunder
thunder_352823.mp3,thunder
thunder_35367.mp3,thunder
thunder_35368.mp3,thunder
thunder_354023.mp3,thunder
thunder_359151.mp3,thunder
thunder_361776.mp3,thunder
thunder_363004.mp3,thunder
thunder_363005.mp3,thunder
thunder_363011.mp3,thunder
thunder_367004.mp3,thunder
thunder_367008.mp3,thunder
thunder_367509.mp3,thunder
thunder_367510.mp3,thunder
thunder_370280.mp3,thunder
thunder_370286.mp3,thunder
thunder_37613.mp3,thunder
thunder_37617.mp3,thunder
thunder_37756.mp3,thunder
thunder_37818.mp3,thunder
thunder_38244.mp3,thunder
thunder_38245.mp3,thunder
thunder_38246.mp3,thunder
thunder_38247.mp3,thunder
thunder_38248.mp3,thunder
thunder_38249.mp3,thunder
thunder_38250.mp3,thunder
thunder_393703.mp3,thunder
thunder_395637.mp3,thunder
thunder_396485.mp3,thunder
thunder_397260.mp3,thunder
thunder_397264.mp3,thunder
thunder_397266.mp3,thunder
thunder_397623.mp3,thunder
thunder_398349.mp3,thunder
thunder_39889.mp3,thunder
thunder_39890.mp3,thunder
thunder_399656.mp3,thunder
thunder_400382.mp3,thunder
thunder_400986.mp3,thunder
thunder_400987.mp3,thunder
thunder_400988.mp3,thunder
thunder_405502.mp3,thunder
thunder_405503.mp3,thunder
thunder_406326.mp3,thunder
thunder_40808.mp3,thunder
thunder_414549.mp3,thunder
thunder_423610.mp3,thunder
thunder_427564.mp3,thunder
thunder_432105.mp3,thunder
thunder_432957.mp3,thunder
thunder_434740.mp3,thunder
thunder_435659.mp3,thunder
thunder_436569.mp3,thunder
thunder_436794.mp3,thunder
thunder_436812.mp3,thunder
thunder_441658.mp3,thunder
thunder_441659.mp3,thunder
thunder_441835.mp3,thunder
thunder_441836.mp3,thunder
thunder_441837.mp3,thunder
thunder_45221.mp3,thunder
thunder_45222.mp3,thunder
thunder_45223.mp3,thunder
thunder_454809.mp3,thunder
thunder_456210.mp3,thunder
thunder_456258.mp3,thunder
thunder_461011.mp3,thunder
thunder_461013.mp3,thunder
thunder_462914.mp3,thunder
thunder_465314.mp3,thunder
thunder_475094.mp3,thunder
thunder_475096.mp3,thunder
thunder_475177.mp3,thunder
thunder_476228.mp3,thunder
thunder_476734.mp3,thunder
thunder_476735.mp3,thunder
thunder_476736.mp3,thunder
thunder_476738.mp3,thunder
thunder_476739.mp3,thunder
thunder_477838.mp3,thunder
thunder_477839.mp3,thunder
thunder_477840.mp3,thunder
thunder_483908.mp3,thunder
thunder_483909.mp3,thunder
thunder_483910.mp3,thunder
thunder_488346.mp3,thunder
thunder_492768.mp3,thunder
thunder_495483.mp3,thunder
thunder_501725.mp3,thunder
thunder_505113.mp3,thunder
thunder_505294.mp3,thunder
thunder_511348.mp3,thunder
thunder_512274.mp3,thunder
thunder_512920.mp3,thunder
thunder_512921.mp3,thunder
thunder_519484.mp3,thunder
thunder_522025.mp3,thunder
thunder_523004.mp3,thunder
thunder_536260.mp3,thunder
thunder_536261.mp3,thunder
thunder_536262.mp3,thunder
thunder_54488.mp3,thunder
thunder_545498.mp3,thunder
thunder_559357.mp3,thunder
thunder_57179.mp3,thunder
thunder_57200.mp3,thunder
thunder_573677.mp3,thunder
thunder_57619.mp3,thunder
thunder_57778.mp3,thunder
thunder_57779.mp3,thunder
thunder_57780.mp3,thunder
thunder_577845.mp3,thunder
thunder_577846.mp3,thunder
thunder_578230.mp3,thunder
thunder_581122.mp3,thunder
thunder_581123.mp3,thunder
thunder_581124.mp3,thunder
thunder_58250.mp3,thunder
thunder_58251.mp3,thunder
thunder_58252.mp3,thunder
thunder_58254.mp3,thunder
thunder_58255.mp3,thunder
thunder_585371.mp3,thunder
thunder_587362.mp3,thunder
thunder_60733.mp3,thunder
thunder_6113.mp3,thunder
thunder_612321.mp3,thunder
thunder_612717.mp3,thunder
thunder_612881.mp3,thunder
thunder_613274.mp3,thunder
thunder_613275.mp3,thunder
thunder_613276.mp3,thunder
thunder_613321.mp3,thunder
thunder_615697.mp3,thunder
thunder_615881.mp3,thunder
thunder_615941.mp3,thunder
thunder_617427.mp3,thunder
thunder_62274.mp3,thunder
thunder_62276.mp3,thunder
thunder_62277.mp3,thunder
thunder_62278.mp3,thunder
thunder_62279.mp3,thunder
thunder_62280.mp3,thunder
thunder_622805.mp3,thunder
thunder_626196.mp3,thunder
thunder_626254.mp3,thunder
thunder_638661.mp3,thunder
thunder_639479.mp3,thunder
thunder_639480.mp3,thunder
thunder_640249.mp3,thunder
thunder_646516.mp3,thunder
thunder_646543.mp3,thunder
thunder_652324.mp3,thunder
thunder_652325.mp3,thunder
thunder_652690.mp3,thunder
thunder_658248.mp3,thunder
thunder_668041.mp3,thunder
thunder_6784.mp3,thunder
thunder_680362.mp3,thunder
thunder_681479.mp3,thunder
thunder_681480.mp3,thunder
thunder_681481.mp3,thunder
thunder_681482.mp3,thunder
thunder_681513.mp3,thunder
thunder_681514.mp3,thunder
thunder_681515.mp3,thunder
thunder_681516.mp3,thunder
thunder_681517.mp3,thunder
thunder_681518.mp3,thunder
thunder_681519.mp3,thunder
thunder_681520.mp3,thunder
thunder_681521.mp3,thunder
thunder_681522.mp3,thunder
thunder_681523.mp3,thunder
thunder_681524.mp3,thunder
thunder_681613.mp3,thunder
thunder_682351.mp3,thunder
thunder_682352.mp3,thunder
thunder_682353.mp3,thunder
thunder_682354.mp3,thunder
thunder_682355.mp3,thunder
thunder_683417.mp3,thunder
thunder_683418.mp3,thunder
thunder_683419.mp3,thunder
thunder_683420.mp3,thunder
thunder_683421.mp3,thunder
thunder_683436.mp3,thunder
thunder_689413.mp3,thunder
thunder_689414.mp3,thunder
thunder_695565.mp3,thunder
thunder_695847.mp3,thunder
thunder_696245.mp3,thunder
thunder_696391.mp3,thunder
thunder_696547.mp3,thunder
thunder_696548.mp3,thunder
thunder_696549.mp3,thunder
thunder_696550.mp3,thunder
thunder_698743.mp3,thunder
thunder_698928.mp3,thunder
thunder_700990.mp3,thunder
thunder_70798.mp3,thunder
thunder_711741.mp3,thunder
thunder_712959.mp3,thunder
thunder_712960.mp3,thunder
thunder_712961.mp3,thunder
thunder_712962.mp3,thunder
thunder_722805.mp3,thunder
thunder_725417.mp3,thunder
thunder_732988.mp3,thunder
thunder_732989.mp3,thunder
thunder_732990.mp3,thunder
thunder_732991.mp3,thunder
thunder_732992.mp3,thunder
thunder_732993.mp3,thunder
thunder_733678.mp3,thunder
thunder_733679.mp3,thunder
thunder_733680.mp3,thunder
thunder_734894.mp3,thunder
thunder_736646.mp3,thunder
thunder_737691.mp3,thunder
thunder_739746.mp3,thunder
thunder_74468.mp3,thunder
thunder_744716.mp3,thunder
thunder_744717.mp3,thunder
thunder_744718.mp3,thunder
thunder_744719.mp3,thunder
thunder_744720.mp3,thunder
thunder_744721.mp3,thunder
thunder_744722.mp3,thunder
thunder_744723.mp3,thunder
thunder_745455.mp3,thunder
thunder_745660.mp3,thunder
thunder_745774.mp3,thunder
thunder_745800.mp3,thunder
thunder_745835.mp3,thunder
thunder_747321.mp3,thunder
thunder_750662.mp3,thunder
thunder_750663.mp3,thunder
thunder_750664.mp3,thunder
thunder_750665.mp3,thunder
thunder_750666.mp3,thunder
thunder_750667.mp3,thunder
thunder_750668.mp3,thunder
thunder_750669.mp3,thunder
thunder_750670.mp3,thunder
thunder_750671.mp3,thunder
thunder_751645.mp3,thunder
thunder_751933.mp3,thunder
thunder_752758.mp3,thunder
thunder_762708.mp3,thunder
thunder_767224.mp3,thunder
thunder_768076.mp3,thunder
thunder_771083.mp3,thunder
thunder_78779.mp3,thunder
thunder_78780.mp3,thunder
thunder_78781.mp3,thunder
thunder_78787.mp3,thunder
thunder_78788.mp3,thunder
thunder_78796.mp3,thunder
thunder_78798.mp3,thunder
thunder_97374.mp3,thunder
thunder_97854.mp3,thunder
thunder_99080.mp3,thunder
thunder_99081.mp3,thunder
thunder_99082.mp3,thunder
thunder_99083.mp3,thunder
thunder_99084.mp3,thunder
thunder_99085.mp3,thunder
snow_110824.mp3,snow
snow_110825.mp3,snow
snow_110826.mp3,snow
snow_110827.mp3,snow
snow_112437.mp3,snow
snow_113972.mp3,snow
snow_113973.mp3,snow
snow_114388.mp3,snow
snow_11725.mp3,snow
snow_134866.mp3,snow
snow_134867.mp3,snow
snow_135904.mp3,snow
snow_144024.mp3,snow
snow_149327.mp3,snow
snow_149328.mp3,snow
snow_149329.mp3,snow
snow_149330.mp3,snow
snow_149437.mp3,snow
snow_150194.mp3,snow
snow_15323.mp3,snow
snow_15327.mp3,snow
snow_160592.mp3,snow
snow_160593.mp3,snow
snow_160594.mp3,snow
snow_160595.mp3,snow
snow_160598.mp3,snow
snow_160600.mp3,snow
snow_160601.mp3,snow
snow_17004.mp3,snow
snow_174508.mp3,snow
snow_174644.mp3,snow
snow_1748.mp3,snow
snow_174876.mp3,snow
snow_175002.mp3,snow
snow_175943.mp3,snow
snow_176059.mp3,snow
snow_177094.mp3,snow
snow_178718.mp3,snow
snow_178719.mp3,snow
snow_178720.mp3,snow
snow_178726.mp3,snow
snow_179738.mp3,snow
snow_180529.mp3,snow
snow_180535.mp3,snow
snow_180963.mp3,snow
snow_180965.mp3,snow
snow_181494.mp3,snow
snow_181495.mp3,snow
snow_181496.mp3,snow
snow_181497.mp3,snow
snow_184579.mp3,snow
snow_194992.mp3,snow
snow_195021.mp3,snow
snow_195022.mp3,snow
snow_195023.mp3,snow
snow_195024.mp3,snow
snow_210825.mp3,snow
snow_215689.mp3,snow
snow_215690.mp3,snow
snow_216568.mp3,snow
snow_217570.mp3,snow
snow_218936.mp3,snow
snow_220956.mp3,snow
snow_223181.mp3,snow
snow_231852.mp3,snow
snow_234784.mp3,snow
snow_240650.mp3,snow
snow_245406.mp3,snow
snow_250316.mp3,snow
snow_255149.mp3,snow
snow_255672.mp3,snow
snow_259707.mp3,snow
snow_259755.mp3,snow
snow_261222.mp3,snow
snow_262224.mp3,snow
snow_262591.mp3,snow
snow_262699.mp3,snow
snow_263999.mp3,snow
snow_269001.mp3,snow
snow_269847.mp3,snow
snow_269848.mp3,snow
snow_269849.mp3,snow
snow_269850.mp3,snow
snow_269851.mp3,snow
snow_269852.mp3,snow
snow_269853.mp3,snow
snow_269854.mp3,snow
snow_269855.mp3,snow
snow_269856.mp3,snow
snow_269857.mp3,snow
snow_269858.mp3,snow
snow_269859.mp3,snow
snow_269860.mp3,snow
snow_269861.mp3,snow
snow_269862.mp3,snow
snow_269863.mp3,snow
snow_269864.mp3,snow
snow_269865.mp3,snow
snow_269866.mp3,snow
snow_274131.mp3,snow
snow_28661.mp3,snow
snow_28662.mp3,snow
snow_321468.mp3,snow
snow_324267.mp3,snow
snow_333031.mp3,snow
snow_333289.mp3,snow
snow_333422.mp3,snow
snow_335416.mp3,snow
snow_335793.mp3,snow
snow_335803.mp3,snow
snow_337280.mp3,snow
snow_337281.mp3,snow
snow_337282.mp3,snow
snow_337283.mp3,snow
snow_337284.mp3,snow
snow_337285.mp3,snow
snow_337288.mp3,snow
snow_337289.mp3,snow
snow_337290.mp3,snow
snow_337291.mp3,snow
snow_337292.mp3,snow
snow_337293.mp3,snow
snow_337294.mp3,snow
snow_337295.mp3,snow
snow_337296.mp3,snow
snow_337297.mp3,snow
snow_34565.mp3,snow
snow_348248.mp3,snow
snow_362992.mp3,snow
snow_365171.mp3,snow
snow_372177.mp3,snow
snow_376406.mp3,snow
snow_378055.mp3,snow
snow_378056.mp3,snow
snow_379174.mp3,snow
snow_379207.mp3,snow
snow_379208.mp3,snow
snow_379212.mp3,snow
snow_380299.mp3,snow
snow_380388.mp3,snow
snow_380389.mp3,snow
snow_380718.mp3,snow
snow_381176.mp3,snow
snow_381554.mp3,snow
snow_382275.mp3,snow
snow_382277.mp3,snow
snow_383540.mp3,snow
snow_384421.mp3,snow
snow_384422.mp3,snow
snow_384423.mp3,snow
snow_384424.mp3,snow
snow_386980.mp3,snow
snow_386981.mp3,snow
snow_388045.mp3,snow
snow_394841.mp3,snow
snow_410236.mp3,snow
snow_411834.mp3,snow
snow_413394.mp3,snow
snow_413827.mp3,snow
snow_415252.mp3,snow
snow_415792.mp3,snow
snow_415975.mp3,snow
snow_416938.mp3,snow
snow_418245.mp3,snow
snow_418267.mp3,snow
snow_419241.mp3,snow
snow_419447.mp3,snow
snow_419448.mp3,snow
snow_419449.mp3,snow
snow_419450.mp3,snow
snow_419451.mp3,snow
snow_419452.mp3,snow
snow_419453.mp3,snow
snow_419454.mp3,snow
snow_419455.mp3,snow
snow_419456.mp3,snow
snow_419708.mp3,snow
snow_420396.mp3,snow
snow_420546.mp3,snow
snow_420547.mp3,snow
snow_420548.mp3,snow
snow_420549.mp3,snow
snow_420550.mp3,snow
snow_420551.mp3,snow
snow_420552.mp3,snow
snow_420553.mp3,snow
snow_420555.mp3,snow
snow_420931.mp3,snow
snow_420937.mp3,snow
snow_421617.mp3,snow
snow_422630.mp3,snow
snow_422631.mp3,snow
snow_423950.mp3,snow
snow_428242.mp3,snow
snow_429589.mp3,snow
snow_443980.mp3,snow
snow_450165.mp3,snow
snow_450166.mp3,snow
snow_450168.mp3,snow
snow_450170.mp3,snow
snow_450171.mp3,snow
snow_450175.mp3,snow
snow_450718.mp3,snow
snow_450843.mp3,snow
snow_450862.mp3,snow
snow_451959.mp3,snow
snow_451961.mp3,snow
snow_451963.mp3,snow
snow_451964.mp3,snow
snow_451965.mp3,snow
snow_451966.mp3,snow
snow_451967.mp3,snow
snow_451968.mp3,snow
snow_451969.mp3,snow
snow_451970.mp3,snow
snow_451972.mp3,snow
snow_451973.mp3,snow
snow_451974.mp3,snow
snow_451975.mp3,snow
snow_451976.mp3,snow
snow_451977.mp3,snow
snow_451978.mp3,snow
snow_451979.mp3,snow
snow_451981.mp3,snow
snow_451982.mp3,snow
snow_451983.mp3,snow
snow_451985.mp3,snow
snow_451989.mp3,snow
snow_451991.mp3,snow
snow_451994.mp3,snow
snow_451995.mp3,snow
snow_451996.mp3,snow
snow_451997.mp3,snow
snow_451998.mp3,snow
snow_452001.mp3,snow
snow_452003.mp3,snow
snow_452004.mp3,snow
snow_452005.mp3,snow
snow_452006.mp3,snow
snow_452007.mp3,snow
snow_452008.mp3,snow
snow_452009.mp3,snow
snow_452010.mp3,snow
snow_452012.mp3,snow
snow_452013.mp3,snow
snow_452014.mp3,snow
snow_452016.mp3,snow
snow_452017.mp3,snow
snow_452018.mp3,snow
snow_452019.mp3,snow
snow_452020.mp3,snow
snow_452021.mp3,snow
snow_452022.mp3,snow
snow_452023.mp3,snow
snow_452024.mp3,snow
snow_452025.mp3,snow
snow_452026.mp3,snow
snow_452027.mp3,snow
snow_452028.mp3,snow
snow_452029.mp3,snow
snow_452030.mp3,snow
snow_452031.mp3,snow
snow_452032.mp3,snow
snow_452035.mp3,snow
snow_452036.mp3,snow
snow_452037.mp3,snow
snow_452038.mp3,snow
snow_452039.mp3,snow
snow_452040.mp3,snow
snow_452041.mp3,snow
snow_452042.mp3,snow
snow_452043.mp3,snow
snow_452044.mp3,snow
snow_452045.mp3,snow
snow_452046.mp3,snow
snow_452047.mp3,snow
snow_452048.mp3,snow
snow_452049.mp3,snow
snow_452050.mp3,snow
snow_452051.mp3,snow
snow_452052.mp3,snow
snow_452053.mp3,snow
snow_452054.mp3,snow
snow_452056.mp3,snow
snow_452057.mp3,snow
snow_452058.mp3,snow
snow_452059.mp3,snow
snow_452061.mp3,snow
snow_452062.mp3,snow
snow_452063.mp3,snow
snow_452064.mp3,snow
snow_452066.mp3,snow
snow_452067.mp3,snow
snow_452068.mp3,snow
snow_452069.mp3,snow
snow_452070.mp3,snow
snow_452071.mp3,snow
snow_452072.mp3,snow
snow_452073.mp3,snow
snow_452074.mp3,snow
snow_452075.mp3,snow
snow_452076.mp3,snow
snow_452077.mp3,snow
snow_452078.mp3,snow
snow_452079.mp3,snow
snow_452080.mp3,snow
snow_452081.mp3,snow
snow_452082.mp3,snow
snow_452083.mp3,snow
snow_452084.mp3,snow
snow_452085.mp3,snow
snow_452087.mp3,snow
snow_452088.mp3,snow
snow_452089.mp3,snow
snow_452090.mp3,snow
snow_452091.mp3,snow
snow_452092.mp3,snow
snow_452102.mp3,snow
snow_452110.mp3,snow
snow_452111.mp3,snow
snow_452112.mp3,snow
snow_452113.mp3,snow
snow_452115.mp3,snow
snow_452116.mp3,snow
snow_452190.mp3,snow
snow_452191.mp3,snow
snow_452489.mp3,snow
snow_452697.mp3,snow
snow_453201.mp3,snow
snow_454021.mp3,snow
snow_454039.mp3,snow
snow_454185.mp3,snow
snow_454186.mp3,snow
snow_454187.mp3,snow
snow_454188.mp3,snow
snow_454189.mp3,snow
snow_454190.mp3,snow
snow_454257.mp3,snow
snow_454258.mp3,snow
snow_454372.mp3,snow
snow_456147.mp3,snow
snow_456148.mp3,snow
snow_456149.mp3,snow
snow_456335.mp3,snow
snow_456336.mp3,snow
snow_456337.mp3,snow
snow_456338.mp3,snow
snow_456339.mp3,snow
snow_456340.mp3,snow
snow_456341.mp3,snow
snow_456342.mp3,snow
snow_456343.mp3,snow
snow_456344.mp3,snow
snow_458391.mp3,snow
snow_458415.mp3,snow
snow_458577.mp3,snow
snow_45910.mp3,snow
snow_460232.mp3,snow
snow_460299.mp3,snow
snow_460300.mp3,snow
snow_468942.mp3,snow
snow_475870.mp3,snow
snow_475919.mp3,snow
snow_475924.mp3,snow
snow_475926.mp3,snow
snow_477970.mp3,snow
snow_495469.mp3,snow
snow_498233.mp3,snow
snow_505570.mp3,snow
snow_505571.mp3,snow
snow_506428.mp3,snow
snow_512500.mp3,snow
snow_512501.mp3,snow
snow_516251.mp3,snow
snow_534024.mp3,snow
snow_542307.mp3,snow
snow_547241.mp3,snow
snow_551431.mp3,snow
snow_554326.mp3,snow
snow_554931.mp3,snow
snow_555234.mp3,snow
snow_555239.mp3,snow
snow_555963.mp3,snow
snow_558555.mp3,snow
snow_559062.mp3,snow
snow_559626.mp3,snow
snow_560309.mp3,snow
snow_560719.mp3,snow
snow_560874.mp3,snow
snow_565581.mp3,snow
snow_574398.mp3,snow
snow_583076.mp3,snow
snow_613269.mp3,snow
snow_614051.mp3,snow
snow_614052.mp3,snow
snow_614136.mp3,snow
snow_614137.mp3,snow
snow_614139.mp3,snow
snow_614335.mp3,snow
snow_614337.mp3,snow
snow_624760.mp3,snow
snow_632085.mp3,snow
snow_634950.mp3,snow
snow_634987.mp3,snow
snow_637822.mp3,snow
snow_63840.mp3,snow
snow_63841.mp3,snow
snow_639266.mp3,snow
snow_641735.mp3,snow
snow_641736.mp3,snow
snow_656897.mp3,snow
snow_65940.mp3,snow
snow_65941.mp3,snow
snow_65942.mp3,snow
snow_65990.mp3,snow
snow_66035.mp3,snow
snow_66049.mp3,snow
snow_66065.mp3,snow
snow_661987.mp3,snow
snow_665167.mp3,snow
snow_666602.mp3,snow
snow_666603.mp3,snow
snow_671610.mp3,snow
snow_672779.mp3,snow
snow_676282.mp3,snow
snow_676284.mp3,snow
snow_676542.mp3,snow
snow_676543.mp3,snow
snow_676544.mp3,snow
snow_676545.mp3,snow
snow_676546.mp3,snow
snow_676547.mp3,snow
snow_676731.mp3,snow
snow_677720.mp3,snow
snow_679006.mp3,snow
snow_680361.mp3,snow
snow_681611.mp3,snow
snow_682132.mp3,snow
snow_683347.mp3,snow
snow_683623.mp3,snow
snow_684587.mp3,snow
snow_696281.mp3,snow
snow_699234.mp3,snow
snow_707826.mp3,snow
snow_707830.mp3,snow
snow_713234.mp3,snow
snow_713588.mp3,snow
snow_718099.mp3,snow
snow_718100.mp3,snow
snow_718690.mp3,snow
snow_71889.mp3,snow
snow_719624.mp3,snow
snow_719625.mp3,snow
snow_720055.mp3,snow
snow_720126.mp3,snow
snow_72031.mp3,snow
snow_720417.mp3,snow
snow_720418.mp3,snow
snow_720962.mp3,snow
snow_720963.mp3,snow
snow_721291.mp3,snow
snow_721936.mp3,snow
snow_726880.mp3,snow
snow_751703.mp3,snow
snow_751704.mp3,snow
snow_751705.mp3,snow
snow_751706.mp3,snow
snow_751953.mp3,snow
snow_751954.mp3,snow
snow_766454.mp3,snow
snow_86243.mp3,snow
snow_87405.mp3,snow
snow_89421.mp3,snow
snow_89613.mp3,snow
snow_90173.mp3,snow
snow_90174.mp3,snow
snow_90176.mp3,snow
snow_94321.mp3,snow
snow_94322.mp3,snow
snow_94323.mp3,snow
snow_94326.mp3,snow
snow_94327.mp3,snow
snow_94330.mp3,snow
snow_94332.mp3,snow
snow_94333.mp3,snow
snow_94334.mp3,snow
snow_94335.mp3,snow
snow_94336.mp3,snow
snow_94337.mp3,snow
snow_94338.mp3,snow
snow_94339.mp3,snow
snow_94340.mp3,snow
snow_94353.mp3,snow
snow_94363.mp3,snow
snow_94369.mp3,snow
snow_94619.mp3,snow
snow_94620.mp3,snow
snow_96163.mp3,snow
snow_96164.mp3,snow
snow_96165.mp3,snow
